Marca,Modelo,Introduccion De Modelo,Caracteristicas Generales,Colores Disponibles,Variante,Version / Gama,Detalle De Version,Año Modelo,Precio lista Usd,Tipo De Carroceria (SUV / Sedan),Motor Cilindros,Cilindrada Combustible Tipo,Tipo de gama,Descripción del modelo,Transmisión / Caja / Versión,Garantía,Potencia,Torque,Distancia Entre Ejes,Tamaño Aros,Dimensiones,¿Puede comprar paquete de mantenimiento prepagado (Kia Full Service)?,Primer servicio de mantenimiento,Frecuencia de mantenimiento,Sunroof,Capacidad de la maletera,Espejos eléctricos,Aire acondicionado,Radio Táctil,Cámara de retroceso,Airbags,Sistema de frenos,Tipo de frenos,Alzavidrios eléctricos,Volante forrado en cuero,Sensores de estacionamiento,Faros delanteros LED,Faros posteriores LED,Faros Neblineros,Panel de instrumentos,Tipo de llave,Conectividad de la radio,Suspensión delanteros,Suspensión posteriores,Llanta de repuesto,Cargador inalámbrico,Material de asientos,Maletero inteligente,Asistencia de Prevención de Colisión Frontal - FCA,Asistencia de Prevención de Colisión en el Punto Ciego - BCA,Asistencia de Mantenimiento de Carril - LKA,Asistencia de Prevención de Colisión con Tráfico Cruzado Trasero - RCCA,Asistencia de Seguimiento de Carril - LFA,Control crucero,Rieles en el techo,Freno de estacionamiento,Número de asientos,Tracción,Monitor de punto ciego,Asientos eléctricos,Autonomía (EV)
Kia,Picanto,El Kia Picanto es un hatchback compacto y versátil que destaca por su diseño moderno y ágil en la ciudad.,"1.	6 bolsas de aire
2.	Motors 1.200 cc DOHC
3.	Potencia de 83 Hp
4.	Torque de 120 Nm
5.	Apple Carplay y Android Auto inalámbrico","Blanco, Negro, Azul, Beige, Gris, Plateado y verde",G6S6K361BDD16N,Intermedia,PICANTO ACTIVE 1.2L AT,2026,Desde $26.900,Hatchback,El motor es de 4 cilindros,"Motor de 1,248 centímetros cúbicos gasolina",Hatchback,"Hatchback compacto ideal para la ciudad, económico en consumo y fácil de manejar y parquear.",El vehículo cuenta con una transmision automatica de 4 velocidades.,La cobertura básica es de 5 años o 100.000 km (*ver nuestras condiciones en nuestras sucursales),Motor con 83 caballos de fuerza,El motor produce un torque de 120NM,"La distancia entre ejes es de:2,400mm","Cuenta con aros de 14""","Las medidas del vehiculo son Largo: 3,595 / Ancho: 1,595 / Alto: 1,485",Se puede adquirir el beneficio.,"5,000 Km o 6 meses (lo que ocurra primero)","Cada 5,000 Km o 6 meses (lo que ocurra primero)",NO,475 Litros,SI,MANUAL,8”,SI,"(06) Airbags: Frontales, Laterales y de Cortina",Sistema de frenos ABS + ESC estabilidad elèctrico,Frenos delanteros Discos y Frenos posteriores Tambor,SI,SI,SI,NO,NO,NO,DIGITAL,Llave Plegable,Apple Car Play & Android Inalámbrico,Mc Pherson,Eje Doble Multipunto,SI,NO,Tela,NO,NO,NO,NO,NO,NO,SI,NO,DE MANO,5,2WD,NO,NO,N/A
Kia,Soluto M/T,El Kia Soluto es un sedán compacto que combina un alto rendimiento de combustible con gran comodidad en el interior.,"1.	Maletero de 475 L
2.	Motor de 1.400 cc DOHC
3.	Cámara de retroceso
4.	Transmisión Manual de 5 velocidades
5.	Apple Carplay y Android Auto","Beige, Blanco, Negro y Azul",H7S4K4615GG606,Intermedia,SOLUTO ACTIVE 1.4L 4AT,2026,Desde $24.500,Sedan,El motor es de 4 cilindros,"Motor de 1,368 centímetros cúbicos a gasolina con Tiempo Variable Doble de Admisión y Escape",Sedán,"Sedán accesible y confiable, pensado para movilidad diaria con buen espacio interior y bajo consumo.",El vehículo cuenta con una transmision manual de 5 velocidades.,La cobertura básica es de 5 años o 100.000 km (*ver nuestras condiciones en nuestras sucursales),Motor con 94 caballos de fuerza,El motor produce un torque de 133 NM,"La distancia entre ejes es de:2,571mm","Cuenta con aros de 15""","Las medidas del vehiculo son Largo: 3,595 / Ancho: 1,595 / Alto: 1,485",Se puede adquirir el beneficio.,"5,000 Km o 6 meses (lo que ocurra primero)","Cada 5,000 Km o 6 meses (lo que ocurra primero)",NO,475 litros,SI,MANUAL,"8""",SI,2 airbags,Sistema de frenos ABS,Frenos delanteros: Disco y Frenos posteriores: Tambor,SI,SI,NO,NO,NO,NO,"8""",Llave Plegable,Kia Connectivity / Bluetooth / USB / AUX,Mc Pherson,Eje de torsión,SI,NO,Tela,NO,NO,NO,NO,NO,NO,NO,NO,DE MANO,5,2WD,NO,NO,N/A
Kia,Soluto A/T,El Kia Soluto es un sedán compacto que combina un alto rendimiento de combustible con gran comodidad en el interior.,"1.	Maletero de 475 L
2.	Motor de 1.400 cc DOHC
3.	Cámara de retroceso
4.	Transmisión automática de 4 velocidades
5.	Apple Carplay y Android Auto","Blanco, Azul y Beige",H7S4K461BGG524,Intermedia,SOLUTO ACTIVE 1.4L 4AT,2026,Desde $24.500,Sedan,El motor es de 4 cilindros,"Motor de 1,368 centímetros cúbicos a gasolina con Tiempo Variable Doble de Admisión y Escape",Sedán,"Sedán accesible y confiable, pensado para movilidad diaria con buen espacio interior y bajo consumo.",El vehículo cuenta con una transmision automaticá de 4 velocidades.,La cobertura básica es de 5 años o 100.000 km (*ver nuestras condiciones en nuestras sucursales),Motor con 94 caballos de fuerza,El motor produce un torque de 133 NM,"La distancia entre ejes es de:2,571mm","Cuenta con aros de 15""","Las medidas del vehiculo son Largo: 3,595 / Ancho: 1,595 / Alto: 1,485",Se puede adquirir el beneficio.,"5,000 Km o 6 meses (lo que ocurra primero)","Cada 5,000 Km o 6 meses (lo que ocurra primero)",NO,475 litros,SI,MANUAL,"8""",SI,2 airbags,Sistema de frenos ABS,Frenos delanteros: Disco y Frenos posteriores: Tambor,SI,SI,NO,NO,NO,NO,"8""",Llave Plegable,Kia Connectivity / Bluetooth / USB / AUX,Mc Pherson,Eje de torsión,SI,NO,Tela,NO,NO,NO,NO,NO,NO,NO,NO,DE MANO,5,2WD,NO,NO,N/A
Kia,K3 sedán,"El Kia K3 Sedan destaca por su amplio espacio interior, tecnología avanzada y una seguridad de última generación.","1.	Motor 1.400 cc MPI con 100 Hp y 133 Nm
2.	Capacidad de maletero de 544 L
3.	Apple Carplay y Android Auto inalámbrico
4.	Aros de lujo en aluminio en 15” pulgadas
5.	6 bolsas de aire","Blanco Nieve
 Gris Acero
 Negro
 Plata
 Rojo Fuego",1CS4K461FDD220,Intermedia,K3 SEDAN ACTIVE 1.4L,2026,Desde $31.900,Sedan,El motor es de 4 cilindros,"Motor de 1,368 centímetros cúbicos a gasolina con Inyección Multipunto",Sedán,"Sedán moderno con diseño deportivo, buena tecnología y excelente eficiencia para uso urbano y carretera",El vehículo cuenta con una transmision manual de 6 velocidades.,La cobertura básica es de 5 años o 100.000 km (*ver nuestras condiciones en nuestras sucursales),Motor con 100 caballos de fuerza,El motor produce un torque de 133 NM,"La distancia entre ejes es de:2,670mm","Cuenta con aros de 15""","Las medidas del vehiculo son Largo: 4,545 / Ancho: 1,765 / Alto: 1,475",Se puede adquirir el beneficio.,"5,000 Km o 6 meses (lo que ocurra primero)","Cada 5,000 Km o 6 meses (lo que ocurra primero)",NO,544 Litros,SI,MANUAL,8”,SI,6 airbags,Sistema de frenos ABS + ESC control de estabilidad,Frenos delanteros Discos Ventilados y Frenostraseros de tambor,SI,SI,NO,NO,NO,SI,"8""",Llave Plegable,Apple Car Play & Android Auto,Mc Pherson,Eje de torsión,SI,NO,Tela,NO,NO,NO,NO,NO,NO,NO,NO,DE MANO,5,2WD,NO,NO,N/A
Kia,K3 Cross Active,"El Kia K3 Cross es un crossover con un diseño deportivo, espacio generoso y tecnología de vanguardia.","1.	Motor de 1.400 cc MPI con 100 Hp
2.	Torque de 133 Nm
3.	Apple Carplay y Android Auto inalámbrico
4.	Aros de lujo en aluminio en 15” pulgadas
5.	6 bolsas de aire","Blanco Nieve
 Gris Acero
 Negro
 Plata
 Rojo Fuego",1CS6K461FBB008 -0013,Intermedia,K3 CROSS ACTIVE 1.4L AT,2026,Desde $32.900,Crossover,El motor es de 4 cilindros,"Motor de 1,368 centímetros cúbicos a gasolina con Inyección Multipunto",Sedán,"Crossover compacto con mayor altura al suelo, diseño robusto y gran versatilidad.",El vehículo cuenta con una transmision automatica de 6 velocidades.,La cobertura básica es de 5 años o 100.000 km (*ver nuestras condiciones en nuestras sucursales),Motor con 100 caballos de fuerza,El motor produce un torque de133 NM,"La distancia entre ejes es de:2,670mm","Cuenta con aros de 15""","Las medidas del vehiculo son Largo: 4,545 / Ancho: 1,765 / Alto: 1,475",Se puede adquirir el beneficio.,"5,000 Km o 6 meses (lo que ocurra primero)","Cada 5,000 Km o 6 meses (lo que ocurra primero)",NO,390 Litros,SI,DIGITAL,8”,SI,6 airbags,Sistema de frenos ABS + ESC frenos con control estabilidad,Frenos delanteros de disco / traseros de tambor.,SI,SI,NO,SI,SI,SI,"8""",Llave Plegable,Apple Car Play & Android Inalámbrico,Mc Pherson,Eje de torsión,SI,SI,Tela,NO,NO,NO,NO,NO,SI,SI,SI,DE MANO,5,2WD,NO,NO,N/A
Kia,K3 Cross Premier,"El Kia K3 Cross es un crossover con un diseño deportivo, espacio generoso y tecnología de vanguardia.","1.	Motor de 1.400 cc MPI con 100 Hp y 133 Nm
2.	Apple Carplay y Android Auto inalámbrico
3.	Asientos en Cuero
4.	Aros de 17” pulgadas
5.	6 bolsas de aire","Blanco Nieve
 Gris Acero
 Negro
 Plata
 Rojo Fuego",1CS6K461FBB008 -0013,Intermedia,K3 CROSS Premier 1.4L AT,2026,Desde $34.900,Crossover,El motor es de 4 cilindros,"Motor de 1,368 centímetros cúbicos a gasolina con Inyección Multipunto",Sedán,"Crossover compacto con mayor altura al suelo, diseño robusto y gran versatilidad.",El vehículo cuenta con una transmision automatica de 6 velocidades.,La cobertura básica es de 5 años o 100.000 km (*ver nuestras condiciones en nuestras sucursales),Motor con 100 caballos de fuerza,El motor produce un torque de133 NM,"La distancia entre ejes es de:2,670mm","Cuenta con aros de 17""","Las medidas del vehiculo son Largo: 4,545 / Ancho: 1,765 / Alto: 1,475",Se puede adquirir el beneficio.,"5,000 Km o 6 meses (lo que ocurra primero)","Cada 5,000 Km o 6 meses (lo que ocurra primero)",NO,390 Litros,SI,DIGITAL,8”,SI,6 airbags,Sistema de frenos ABS + ESC frenos con control estabilidad,Frenos delanteros de disco / traseros de tambor.,SI,SI,NO,SI,SI,SI,"8""",Llave Plegable,Apple Car Play & Android Inalámbrico,Mc Pherson,Eje de torsión,SI,SI,Cuero,NO,NO,NO,NO,NO,SI,SI,SI,DE MANO,5,2WD,NO,NO,N/A
Kia,Sonet Premier,"El Kia Sonet es una SUV versátil, diseñada con estilo y eficiencia, perfecta para cualquier aventura.","1.	Motor 1.500 cc, 4 cilindros MPI de 16 Válvulas
2.	Cámara de retroceso con líneas de guía y sensores de proximidad ¿?
3.	Apple Carplay y Android Auto
4.	6 bolsas de aire
Espejos retrovisores calefactables, abatibles","Blanco nieve con techo negro
 Rojo vivido con techo negro",8XW5D661VDD200,Intermedia,SONET ELITE 1.5L 8AT,2026,Desde $32.900,SUV,El motor es de 4 cilindros,"Motor de 1,497 centímetros cúbicos a gasolina con Inyección Multipunto",SUV Subcompacto,"SUV subcompacto con diseño juvenil, buena tecnología y tamaño ideal para la ciudad.",El vehículo cuenta con una Transmisión 8 IVT,La cobertura básica es de 5 años o 100.000 km (*ver nuestras condiciones en nuestras sucursales),Motor con 113 caballos de fuerza,El motor produce un torque de 144 Nm,"La distancia entre ejes es de:2,500mm","Cuenta con aros de 16""","Las medidas del vehiculo son Largo: 4,120 / Ancho: 1,790 / Alto: 1,642 (mm)",Se puede adquirir el beneficio.,"5,000 Km o 6 meses (lo que ocurra primero)","Cada 5,000 Km o 6 meses (lo que ocurra primero)",SI,392 Litros,SI,MANUAL,"8""",SI,6 airbags,Sistema de frenos ABS + EBD (Antibloqueo de Ruedas),Frenos delanteros Disco y Frenos posteriores Disco Sólidos,SI,SI,NO,SI,NO,SI,"4.2""",Smart Key,Apple Car Play & Android Auto inalámbricos,McPherson con resorte delantero,Eje de torsión,SI,NO,Tela / Cuero,NO,NO,NO,NO,NO,NO,SI,SI,DE MANO,5,2WD,NO,NO,N/A
Kia,Sonet Elite,"El Kia Sonet es una SUV versátil, diseñada con estilo y eficiencia, perfecta para cualquier aventura.","1.	Motor 1.500 cc, 4 cilindros MPI de 16 Válvulas
2.	Apple Carplay y Android Auto inalámbrico
3.	6 bolsas de aire
4.	Botón de encendido + arranque a distancia
5.	Aros de 16” Pulgadas","Blanco nieve con techo negro
 Rojo vivido con techo negro",8XW5D661VGG284,Intermedia,SONET ELITE 1.5L 8IVT,2026,Desde $34.900,SUV,El motor es de 4 cilindros,"Motor de 1,497 centímetros cúbicos a gasolina con Inyección Multipunto",SUV Subcompacto,"SUV subcompacto con diseño juvenil, buena tecnología y tamaño ideal para la ciudad.",El vehículo cuenta con una Transmisión 8 IVT,La cobertura básica es de 5 años o 100.000 km (*ver nuestras condiciones en nuestras sucursales),Motor con 113 caballos de fuerza,El motor produce un torque de 144 Nm,"La distancia entre ejes es de:2,500mm","Cuenta con aros de 16""","Las medidas del vehiculo son Largo: 4,120 / Ancho: 1,790 / Alto: 1,642 (mm)",Se puede adquirir el beneficio.,"5,000 Km o 6 meses (lo que ocurra primero)","Cada 5,000 Km o 6 meses (lo que ocurra primero)",SI,392 Litros,SI,MANUAL,"8""",SI,6 airbags,Sistema de frenos ABS + EBD (Antibloqueo de Ruedas),Frenos delanteros Disco y Frenos posteriores Disco Sólidos,SI,SI,NO,SI,NO,SI,"4.2""",Smart Key,Apple Car Play & Android Auto inalámbricos,McPherson con resorte delantero,Eje de torsión,SI,NO,Tela / Cuero,NO,NO,NO,NO,NO,NO,SI,SI,DE MANO,5,2WD,NO,NO,N/A
Kia,Seltos Premier,"El Kia Seltos ofrece una dinámica conducción en una SUV que combina estilo, gran espacio interior y seguridad completa.","1.	Motor 1.500 cc con 123hp y 150 Nm
2.	Cargador inalámbrico
3.	Apple Carplay y Android Auto inalámbrico 
4.	Aires acondicionado bi-zona y en segunda fila
5.	Aros de 17” pulgadas","Blanco Claro
 Gris Gravedad
 Negro
 Plata Brillante
 Rojo Vivido
 Verde Olivo",TJW5D661VGG567-586,Intermedia,SELTOS Premier 1.5L,2026,Desde $38.900,SUV,El motor es de 4 cilindros,"Motor de 1,497 centímetros cúbicos a gasolina con Inyección Multipunto",SUV Compacto,"SUV compacto muy versátil, con buen espacio interior, tecnología y comodidad para viajes.",El vehículo cuenta con una Transmisión de Variación Continua.,La cobertura básica es de 5 años o 100.000 km (*ver nuestras condiciones en nuestras sucursales),Motor con 123 caballos de fuerza,El motor produce un torque de 150 NM,"La distancia entre ejes es de:2,630mm","Cuenta con aros de 17""","Las medidas del vehiculo son Largo: 4,315 / Ancho: 1,800 / Alto: 1,621",Se puede adquirir el beneficio.,"5,000 Km o 6 meses (lo que ocurra primero)","Cada 5,000 Km o 6 meses (lo que ocurra primero)",NO,433 Litros,SI,DIGITAL,"8""",SI,6 airbags,Sistema de frenos ABS + EBD (Antibloqueo de Ruedas),Frenos delanteros Disco y Frenos posteriores Disco Sólidos,SI,SI,SI,NO,SI,NO,"8""",Smart Key,Apple Car Play & Android Inalámbrico,McPherson con resorte delantero,Eje de torsión,SI,SI,Tela,NO,NO,NO,NO,NO,NO,NO,SI,Eléctrico,5,2WD,NO,NO,N/A
Kia,SPORTAGE PREMIER+ 2.0 A/T 4X2,"El Kia Sportage es un SUV icónico, con un diseño innovador y tecnologías avanzadas, que ofrece confort, dinamismo y versatilidad para todo tipo de uso.","1.	Motor 2.000 cc con 157 Hp y 192 Nm
2.	Cargador inalámbrico
3.	Apple Carplay y Android Auto inalámbrico
4.	Aires acondicionado bi-zona y en segunda fila
5.	Aros de 17” pulgadas","Azul, Blanco, Gris, Gris Mate, Negro, Plateado y Verde",GYWD2J61FDD778,Intermedia,SPORTAGE PREMIER+ 2.0 A/T 4X2,2026,Desde $47.900,SUV,El motor es de 4 cilindros,"Motor de 2,000 centímetros cúbicos a gasolina con Inyección Multipunto",SUV,"SUV icónico, con un diseño innovador y tecnologías avanzadas, que ofrece confort, dinamismo y versatilidad para todo tipo de uso.",El vehículo cuenta con una Transmisión de 6 velocidades Shift Tronic,La cobertura básica es de 5 años o 100.000 km (*ver nuestras condiciones en nuestras sucursales),Motor con 157 caballos de fuerza,El motor produce un torque de 192 Nm,"La distancia entre ejes es de:2,680mm","Cuenta con aros de 17""","Las medidas del vehiculo son Largo: 4,660 / Ancho: 1,865 / Alto: 1,660",Se puede adquirir el beneficio.,"5,000 Km o 6 meses (lo que ocurra primero)","Cada 5,000 Km o 6 meses (lo que ocurra primero)",NO,637 Litros,SI,A/C con filtro de polen,"12.3""",SI,6 airbags,Sistema de frenos ABS + EBD (Antibloqueo de Ruedas),Freno de disco delantero y trasero,SI,SI,NO,SI,SI,NO,"4.2""",Smart Key,Apple Car Play & Android Inalámbrico,Independiente McPherson,Independiente multibrazo,SI,SI,Tela,NO,NO,NO,NO,NO,NO,SI,SI,Manual,5,2WD,NO,NO,N/A
Kia,SPORTAGE PREMIER 2.0 A/T 4X4,"El Kia Sportage es un SUV icónico, con un diseño innovador y tecnologías avanzadas, que ofrece confort, dinamismo y versatilidad para todo tipo de uso.","1.	Motor 2.000 cc con 157 Hp, 192 Nm y tracción 4x4 (AWD)

3.	4 modos de manejo
4.	6 bolsas de aire, paquete de ADAS con 5 estrellas Euro Ncap
5.	Aros de 17” pulgadas","Azul, Blanco, Gris, Plateado y verde",GYWD2J61GDD755,Intermedia,SPORTAGE PREMIER 2.0 A/T 4X4,2026,Desde $49.900,SUV,El motor es de 4 cilindros,"Motor de 2,000 centímetros cúbicos a gasolina con Inyección Multipunto",SUV,"SUV icónico, con un diseño innovador y tecnologías avanzadas, que ofrece confort, dinamismo y versatilidad para todo tipo de uso.",El vehículo cuenta con una Transmisión de 6 velocidades Shift Tronic,La cobertura básica es de 5 años o 100.000 km (*ver nuestras condiciones en nuestras sucursales),Motor con 157 caballos de fuerza,El motor produce un torque de 192 Nm,"La distancia entre ejes es de:2,680mm","Cuenta con aros de 17""","Las medidas del vehiculo son Largo: 4,660 / Ancho: 1,865 / Alto: 1,660",Se puede adquirir el beneficio.,"5,000 Km o 6 meses (lo que ocurra primero)","Cada 5,000 Km o 6 meses (lo que ocurra primero)",NO,637 Litros,SI,A/C con filtro de polen,"12.3""",SI,6 airbags,Sistema de frenos ABS + EBD (Antibloqueo de Ruedas),Freno de disco delantero y trasero,SI,SI,NO,NO,SI,NO,"4.2""",Smart Key,Apple Car Play & Android Inalámbrico,Independiente McPherson,Independiente multibrazo,SI,NO,Tela,NO,NO,NO,NO,NO,NO,SI,NO,Manual,5,4WD (4x4),NO,NO,N/A
Kia,SPORTAGE Platinum Class 2.0 A/T 4X4,"El Kia Sportage es un SUV icónico, con un diseño innovador y tecnologías avanzadas, que ofrece confort, dinamismo y versatilidad para todo tipo de uso.","1.	Motor 2.000 cc con 157 Hp, 192 Nm y tracción 4x4 (AWD)
2.	Techo panorámico
3.	Aros de 18” pulgadas
4.	Apple Carplay y Android Auto inalámbrico
5.	Asientos en cuero","Blanco, Gris, Gris Mate, Negro, Plateado y Verde",GYWD2J61FGG0YI,Tope,SPORTAGE Platinum Class 2.0 A/T 4X4,2026,Desde $54.900,SUV,El motor es de 4 cilindros,"Motor de 2,000 centímetros cúbicos a gasolina con Inyección Multipunto",SUV,"SUV icónico, con un diseño innovador y tecnologías avanzadas, que ofrece confort, dinamismo y versatilidad para todo tipo de uso.",El vehículo cuenta con una Transmisión de 6 velocidades Shift Tronic,La cobertura básica es de 5 años o 100.000 km (*ver nuestras condiciones en nuestras sucursales),Motor con 157 caballos de fuerza,El motor produce un torque de 192 Nm,"La distancia entre ejes es de:2,680mm","Cuenta con aros de 18""","Las medidas del vehiculo son Largo: 4,660 / Ancho: 1,865 / Alto: 1,660",Se puede adquirir el beneficio.,"5,000 Km o 6 meses (lo que ocurra primero)","Cada 5,000 Km o 6 meses (lo que ocurra primero)",NO,637 Litros,SI,A/C con filtro de polen,"12.3""",SI,6 airbags,Sistema de frenos ABS + EBD (Antibloqueo de Ruedas),Freno de disco delantero y trasero,SI,SI,SI (Trasero y Delantero),NO,SI,NO,"4.2""",Smart Key,Apple Car Play & Android Inalámbrico,Independiente McPherson,Independiente multibrazo,SI,SI,Eco-cuero,NO,NO,NO,NO,NO,NO,SI,SI,Eléctrico,5,4WD (4x4),NO,SI,N/A
Kia,Sorento Elite 4x2,"El Kia Sorento es una SUV premium de 3 filas, con un potente motor, interior amplio y tecnología de última generación.","1.	Motor 2.200 cc Turbo-Diesel con 200 Hp y 441 Nm
2.	Techo panorámico
3.	Apple Carplay y Android Auto inalámbrico
4.	7 asientos en cuero
5.	Aros de 18” pulgadas","Blanco, Azul, Gris, Café, Negro y Verde",GZW72HC5MGG2LJ,Intermedia,SORENTO ELITE 4X2 2.2 TURBO-DIESEL,2026,Desde $68.900,SUV,El motor es de 4 cilindros,"Motor de 2,200 centímetros cúbicos Diesel con Inyección Multipunto",SUV Familiar,"SUV familiar de tres filas con gran espacio, seguridad avanzada y alto nivel de confort.",El vehículo cuenta con una transmision automatica de 6 velocidades.,La cobertura básica es de 5 años o 100.000 km (*ver nuestras condiciones en nuestras sucursales),Motor con 200 caballos de fuerza,El motor produce un torque de 441 NM,"La distancia entre ejes es de:2,815mm","Cuenta con aros de 19""","Las medidas del vehiculo son Largo: 4,810 / Ancho: 1,900 / Alto: 1,700",Se puede adquirir el beneficio.,"5,000 Km o 6 meses (lo que ocurra primero)","Cada 5,000 Km o 6 meses (lo que ocurra primero)",SI,Con la tercera fila de asientos -> 357 litros y sin la tercera fila -> 1274 litros,SI,A/C AUTO dual con filtro de pólen y sistema de desempañado automático y A/C en la segunda fila,"8""",SI,6 airbags,Sistema de frenos ABS + ESC control de estabilidad,Freno de disco delantero y trasero,SI,SI,SI (Delantero y trasero),SI,SI,SI,"4,2""",Smart Key,Apple Car Play & Android Inalámbrico,Independiente McPherson,Independiente multibrazo,SI,SI,Tela,SI,NO,NO,NO,NO,NO,SI,SI,Eléctrico,7,2WD,NO,SI,N/A
Kia,Sorento Premier 4x4,"El Kia Sorento es una SUV premium de 3 filas, con un potente motor, interior amplio y tecnología de última generación.","1.	Motor 2.200 cc Turbo-Diesel de 200 Hp y 441 Nm con una tracción 4x4 (AWD)
2.	Transmisión automática de 6 velocidades shift-tronic
3.	Pantalla táctil de 8"" pulgadas
4.	6 bolsas de aire y con 5 estrellas de seguridad Euro Ncap
5.	7 asientos","Blanco, Azul, Gris, Café, Negro y Verde",GZW72HC5NGG3EV,Intermedia,SORENTO RAC 4X4 2.2 TURBO-DIESEL,2026,Desde $64.900,SUV,El motor es de 4 cilindros,"Motor de 2,200 centímetros cúbicos Diesel con Inyección Multipunto",SUV Familiar,"SUV premium de 3 filas, con un potente motor, interior amplio y tecnología de última generación.",El vehículo cuenta con una transmision automatica de 6 velocidades.,La cobertura básica es de 5 años o 100.000 km (*ver nuestras condiciones en nuestras sucursales),Motor con 200 caballos de fuerza,El motor produce un torque de 441 NM,"La distancia entre ejes es de:2,815mm","Cuenta con aros de 17""","Las medidas del vehiculo son Largo: 4,810 / Ancho: 1,900 / Alto: 1,700",Se puede adquirir el beneficio.,"5,000 Km o 6 meses (lo que ocurra primero)","Cada 5,000 Km o 6 meses (lo que ocurra primero)",NO,Con la tercera fila de asientos -> 357 litros y sin la tercera fila -> 1274 litros,SI,A/C AUTO dual con filtro de pólen y sistema de desempañado automático y A/C en la segunda fila,"8""",SI,6 airbags,Sistema de frenos ABS + ESC control de estabilidad,Freno de disco delantero y trasero,SI,SI,SI (Delantero y trasero),SI,SI,SI,"4,2""",Smart Key,Apple Car Play & Android Inalámbrico,Independiente McPherson,Independiente multibrazo,SI,NO,Cuero,NO,NO,NO,NO,NO,NO,SI,SI,Eléctrico,7,4WD (4x4),NO,NO,N/A
Kia,Sorento Platinum Class 4x4,"El Kia Sorento es una SUV premium de 3 filas, con un potente motor, interior amplio y tecnología de última generación.","1.	Motor 2.200 cc Turbo-Diesel de 200 Hp y 441 Nm con una tracción 4x4 (AWD)
2.	Aros de 19” pulgadas bi-metal
3.	Techo panorámico
4.	Paquete de ADAS, 6 bolsas de aire y con 5 estrellas de seguridad Euro Ncap
5.	Sistema de sonido BOSE","Blanco, Azul, Gris, Café, Negro y Verde",GZW72HC5NGG2SZ,Tope,SORENTO PLATINUM CLASS 4X4 2.2 TURBO-DIESEL,2026,Desde $78.900,SUV,El motor es de 4 cilindros,"Motor de 2,200 centímetros cúbicos Diesel con Inyección Multipunto",SUV Familiar,"SUV familiar de tres filas con gran espacio, seguridad avanzada y alto nivel de confort.",El vehículo cuenta con una transmision automatica de 8 velocidades E-Shift.,La cobertura básica es de 5 años o 100.000 km (*ver nuestras condiciones en nuestras sucursales),Motor con 200 caballos de fuerza,El motor produce un torque de 441 NM,"La distancia entre ejes es de:2,815mm","Cuenta con aros de 19""","Las medidas del vehiculo son Largo: 4,810 / Ancho: 1,900 / Alto: 1,700",Se puede adquirir el beneficio.,"5,000 Km o 6 meses (lo que ocurra primero)","Cada 5,000 Km o 6 meses (lo que ocurra primero)",SI,Con la tercera fila de asientos -> 357 litros y sin la tercera fila -> 1274 litros,SI,A/C AUTO dual con filtro de pólen y sistema de desempañado automático y A/C en la segunda fila,"12.3""",SI y cámara 360º,6 airbags,Sistema de frenos ABS + ESC control de estabilidad,Freno de disco delantero y trasero,SI,SI,SI (Delantero y trasero),SI,SI,SI,"12,3""",Smart Key,Apple Car Play & Android Inalámbrico,Independiente McPherson,Independiente multibrazo,SI,NO,Cuero,SI,NO,NO,NO,SI,NO,SI,SI,Eléctrico,7,4WD (4x4),SI,SI,N/A
Kia,Carnival Platinum,"El Kia Carnival es un vehículo multipropósito de 8 asientos, con diseño exterior moderno y lujoso interior, ideal para viajes con estilo y comodidad.","1.	Motor 2.200 cc Turbo-Diesel con 200 Hp y 441 Nm
2.	Torque de 441 Nm
3.	8 bolsas de aire
4.	8 asientos
5.	Aros de 19” pulgadas","Gris, Negro, Azul, Blanco, Rojo y Plateado",HSB82HC5JGG0SE,Tope,Carnival Platinum Class 2.2L Turbo-Diesel,2026,Desde $73.900,SUV,El motor es de 4 cilindros,"Motor de 2,200 centímetros cúbicos Diesel con Inyección Multipunto",Minivan,"El Kia Carnival es un vehículo multipropósito de 8 asientos, con diseño exterior moderno y lujoso interior, ideal para viajes con estilo y comodidad.",El vehículo cuenta con una transmision automatica E-Shift de 8 velocidades.,La cobertura básica es de 5 años o 100.000 km (*ver nuestras condiciones en nuestras sucursales),Motor con 200 caballos de fuerza,El motor produce un torque de 441nm,"La distancia entre ejes es de:3,090mm","Cuenta con aros de 19""","Las medidas del vehiculo son Largo: 5,155 / Ancho: 1,995 / Alto: 1,775",Se puede adquirir el beneficio.,"5,000 Km o 6 meses (lo que ocurra primero)","Cada 5,000 Km o 6 meses (lo que ocurra primero)",SI,"Capacidad de carga:
4.110 con solo primera fila
1.139 con segunda fila
 627 con tercera fila",SI,A/C digital eléctrico de doble zona y A/C con control independiente para filas traseras,"12.3""",SI y cámara 360º,8 airbags,Sistema de frenos ABS + Control de estabilidad elèctrico ESC,Freno de disco delantero y trasero,SI,SI,SI (Delantero y trasero),SI,SI,SI,"12.3"" + 12.3""",Smart Key,Apple Car Play & Android Inalámbrico,Independiente McPherson,Independiente multibrazo,SI,SI,Eco-Cuero,SI,SI,SI,SI,NO,SI,SI (Adaptativo),SI,Eléctrico,8,2WD,SI,SI,N/A
Kia,Tasman Trek,"El Kia Tasman, nuestro pick-up robusto y moderno, diseñado para combinar capacidades todoterreno, tecnología y versatilidad profesional.","1.	Motor 2.200 cc Turbo-diesel con 207 Hp y 441 Nm (4x4)
2.	Control de tracción (TCS)
3.	3 modos de manejo
4.	Apple Carplay y Android Auto inalámbrico
5.	Asientos en cuero","Azul, Gris, Negro, Plateado, verde, Beige y Blanco",8VP52HC5KDD198,Intermedia,TASMAN TREK 4X4,2026,Desde $72.900,Pick-Up,El motor es de 4 cilindros,"Motor de 2,200 centímetros cúbicos Diesel con Inyección Multipunto",Pick-Up,"El Kia Tasman, nuestro pick-up robusto y moderno, diseñado para combinar capacidades todoterreno, tecnología y versatilidad profesional.",El vehículo cuenta con una transmision automatica de 8 velocidades.,La cobertura básica es de 5 años o 100.000 km (*ver nuestras condiciones en nuestras sucursales),Motor con 207 caballos de fuerza,El motor produce un torque de 441nm,"La distancia entre ejes es de:3,270 mm","Cuenta con aros de 17""","Las medidas del vehiculo son Largo: 5,410 / Ancho: 1,930 / Alto: 1,890",Se puede adquirir el beneficio.,"5,000 Km o 6 meses (lo que ocurra primero)","5,000 Km o 6 meses (lo que ocurra primero)",SI,"1,173 Litros",SI,A/C digital de 2 zonas,"12.3""",SI y cámara 360º,8 airbags,Sistema de frenos ABS + Control de estabilidad elèctrico ESC,Freno de disco delantero y trasero,SI,SI,SI (Delantero y trasero),SI,SI,SI,"30""",Smart Key,Apple Car Play & Android Inalámbrico,suspensión delantera de doble horquilla,trasera con eje rígido y ballestas,SI,SI,Cuero,NO,NO,NO,NO,NO,NO,SI,SI,Eléctrico,5,4WD (4x4),SI,NO,N/A
Kia,Tasman X-line,"El Kia Tasman, nuestro pick-up robusto y moderno, diseñado para combinar capacidades todoterreno, tecnología y versatilidad profesional.","1.	Motor 2.200 cc Turbo-diesel con 207 Hp (4x4)
2.	Cámara 360º
3.	8 bolsas de aire
4.	Sonido Harman Kardon de 8 parlantes
5.	Aros de 18” pulgadas","Azul, Blanco, Negro, Beige y Plateado",8VP52HC5KKK120,Tope,TASMAN X-LINE 4X4,2026,Desde $82.900,Pick-Up,El motor es de 4 cilindros,"Motor de 2,200 centímetros cúbicos Diesel con Inyección Multipunto",Pick-Up,"El Kia Tasman, nuestro pick-up robusto y moderno, diseñado para combinar capacidades todoterreno, tecnología y versatilidad profesional.",El vehículo cuenta con una transmision automatica de 8 velocidades.,La cobertura básica es de 5 años o 100.000 km (*ver nuestras condiciones en nuestras sucursales),Motor con 207 caballos de fuerza,El motor produce un torque de 441nm,"La distancia entre ejes es de:3,270 mm","Cuenta con aros de 18""","Las medidas del vehiculo son Largo: 5,410 / Ancho: 1,930 / Alto: 1,890",Se puede adquirir el beneficio.,"5,000 Km o 6 meses (lo que ocurra primero)","5,000 Km o 6 meses (lo que ocurra primero)",SI,"1,173 Litros",SI,A/C digital de 2 zonas,"12.3""",SI y cámara 360º,8 airbags,Sistema de frenos ABS + Control de estabilidad elèctrico ESC,Freno de disco delantero y trasero,SI,SI,"Si, Sensor de proximidad delantero y trasero + sensor latera",SI,SI,SI,"30""",Smart Key,Apple Car Play & Android Inalámbrico,suspensión delantera de doble horquilla,trasera con eje rígido y ballestas,SI,SI,Cuero,NO,NO,NO,NO,NO,NO,SI,SI,Eléctrico,5,Tracción 4x4 con duplicación.,SI,SI,N/A
Kia,EV3 GT LINE,"El Kia EV3 es un SUV eléctrico compacto, moderno y eficiente, diseñado para ofrecer autonomía, tecnología avanzada y una experiencia de conducción sostenible ideal para la ciudad.","1.	Motor de 210 Hp con una batería de 170 Kw
2.	Autonomía (WLTP) de 510 Km
3.	Pantalla integrada de 30”
4.	Apple Carplay y Android Auto inalámbrico
5.	6 bolsas de aire, paquete de ADAS con 5 estrellas de Euro Ncap","Azul, Negro, Terracota, Verde y Gris",9VW5ZHZ7ZGG977,Tope,EV3 LIGHT,2026,Desde $49.900,SUV,Motor eléctrico,Motor de de 170Kw,SUV Compacto,"El Kia EV3 es un SUV eléctrico compacto, moderno y eficiente, diseñado para ofrecer autonomía, tecnología avanzada y una experiencia de conducción sostenible ideal para la ciudad.",Transmissión automatica,La cobertura básica es de 5 años o 100.000 km (*ver nuestras condiciones en nuestras sucursales),Motor con 210 caballos de fuerza,El motor produce un torque de 283 Nm,"La distancia entre ejes es de:2,680 mm","Cuenta con aros de 17""","Las medidas del vehiculo son Largo: 4,300 / Ancho: 1,850 / Alto: 1,560",Se puede adquirir el beneficio.,10.000 Km o 1 año (lo que ocurra primero),10.000 Km o 1 año (lo que ocurra primero),NO,460 Litros,SI,A/C digital de 2 zonas,"30""",SI,7 Airbags,Sistema de frenos ABS + Control de estabilidad elèctrico ESC,Freno de disco delantero y trasero,SI,SI,"Si, Sensor de proximidad delantero y trasero (PDW).",SI,SI,SI,"30""",Smart Key,Apple Car Play & Android Inalámbrico,Independiente McPherson,Independiente multibrazo,NO,SI,Tela,NO,SI,NO,SI,NO,SI,SI (Adaptativo),SI,Eléctrico,5,Tracción FWD,NO,SI,435 Km
Kia,EV5 GT LINE,"El Kia EV5 es un SUV eléctrico versátil y tecnológico, que combina espacio, conectividad y diseño futurista para una movilidad eléctrica práctica y familiar.","1.	Motor de 308 Hp con una batería de 291 kWh con una tracción 4x4 (AWD)
2.	Autonomía (WLTP) de 470 Km
3.	6 bolsas de aire, paquete de ADAS y 5 estrellas de seguridad Euro Ncap
4.	Techo panorámico
5.	Tapicería en cuero de doble tono","Azul/ Negro, Gris, Negro, Rojo/Negro y Verde/Negro",M2W5YGZ7ZHH038,Tope,EV5 GT-LINE AWD,2026,Desde $79.900,SUV,Motor eléctrico,Motor de de 291 Kw,SUV,"El Kia EV5 es un SUV eléctrico versátil y tecnológico, que combina espacio, conectividad y diseño futurista para una movilidad eléctrica práctica y familiar.",Transmissión automatica,La cobertura básica es de 5 años o 100.000 km (*ver nuestras condiciones en nuestras sucursales),Motor con 308 caballos de fuerza,El motor produce un torque de 480 Nm,"La distancia entre ejes es de:2,750 mm","Cuenta con aros de 20""","Las medidas del vehiculo son Largo: 4,615 / Ancho: 1,875 / Alto: 1,715",Se puede adquirir el beneficio.,10.000 Km o 1 año (lo que ocurra primero),10.000 Km o 1 año (lo que ocurra primero),SI,544 Litros,SI,A/C digital de 2 zonas,"12.3""",SI y cámara 360º,6 airbags,Sistema de frenos ABS + Control de estabilidad elèctrico ESC,Freno de disco delantero y trasero,SI,SI,"Sensor de proximidad delantero y trasero [PDW] 
Sensor de proximidad lateral [PDW side",SI,SI,SI,"12.3""",Smart Key,Apple Car Play & Android Inalámbrico,Independiente McPherson,Independiente multibrazo,NO,SI,Eco-Cuero,SI,SI,SI,SI,NO,SI,SI (Adaptativo),SI,Eléctrico,5,4WD (4x4),SI,SI,470 Km
Kia,EV6 GT LINE,"El Kia EV6 es un crossover 100% eléctrico de diseño vanguardista, que destaca por su alto desempeño, carga rápida y tecnología innovadora, ofreciendo una experiencia de manejo dinámica y emocionante.","1.	Motor de 226 Hp con una batería de 195 kW
2.	Autonomía (WLTP) de 394 Km
3.	Cámara de punto de ciego (BVM)
4.	Estilo coupé
5.	Apple Carplay y Android Auto inalámbrico","Gris, Negro, Blanco y Azul Mate",ASW5ZHZ7ZKKONG,Tope,EV6,2026,Desde $69.900,SUV,Motor eléctrico,Motor de de 195 Kw,Crossover,"El Kia EV6 es un crossover 100% eléctrico de diseño vanguardista, que destaca por su alto desempeño, carga rápida y tecnología innovadora, ofreciendo una experiencia de manejo dinámica y emocionante.",Transmissión automatica,La cobertura básica es de 5 años o 100.000 km (*ver nuestras condiciones en nuestras sucursales),Motor con 226 caballos de fuerza,El motor produce un torque de 350 Nm,"La distancia entre ejes es de:2,900 mm","Cuenta con aros de 19""","Las medidas del vehiculo son Largo: 4,695 / Ancho: 1,890 / Alto: 1,550",Se puede adquirir el beneficio.,10.000 Km o 1 año (lo que ocurra primero),10.000 Km o 1 año (lo que ocurra primero),SI,520 Litros,SI,A/C digital de 2 zonas,"12.3""",SI y cámara 360º,7 Airbags,Sistema de frenos ABS + Control de estabilidad elèctrico ESC,Freno de disco delantero y trasero,SI,SI,"Sensor de proximidad delantero, trasero y lateral [PDW]",SI,SI,SI,"12.3""",Smart Key,Apple Car Play & Android Inalámbrico,Independiente McPherson,Independiente multibrazo,NO,SI,Eco-Cuero,SI,SI,SI,SI,NO,SI,SI (Adaptativo),NO,Eléctrico,5,Tracción FWD,SI,SI,394 Km
Kia,EV9 GT LINE,"El Kia EV9 es un SUV eléctrico familiar, espacioso y sofisticado, que combina lujo, autonomía y tecnología de última generación, ideal para familias que buscan movilidad eléctrica sin límites.","1.	Motor de 378 Hp con una batería de 318 kW, 700 Nm y una tracción 4x4 (AWD)
2.	Autonomía (WLTP) de 497 Km
3.	7 asientos en cuero
4.	Espejos laterales digitales con cámara y pantalla de 7” de cada lado (DSM)
5.	8 bolsas de aire, paquete ADAS con 5 estrellas de seguridad Euro Ncap","Azul, Gris, Plateado mate y verde",NO,Tope,EV9 GT LINE,2026,Desde $119.000,SUV,Motor eléctrico,Motor de de 318 Kw,SUV Familiar,"El Kia EV9 es un SUV eléctrico familiar, espacioso y sofisticado, que combina lujo, autonomía y tecnología de última generación, ideal para familias que buscan movilidad eléctrica sin límites.",Transmissión automatica,La cobertura básica es de 5 años o 100.000 km (*ver nuestras condiciones en nuestras sucursales),Motor con 378 caballos de fuerza,El motor produce un torque de 700 Nm,"La distancia entre ejes es de:3,100 mm","Cuenta con aros de 21""","Las medidas del vehiculo son Largo: 5,015 / Ancho: 1,980 / Alto: 1,750",Se puede adquirir el beneficio.,10.000 Km o 1 año (lo que ocurra primero),10.000 Km o 1 año (lo que ocurra primero),SI,"Capacidad de carga con 2da y 3ra fila abierta 573 L
Capacidad de carga con 2da fila cerrada 1.713 L
Capacidad de carga con 2da y 3ra fila cerrada 2.314 L
Capacidad de carga frontal 52 L",SI,"A/C climatizado dual , A/C independiente para filas trasera","12.3""",SI y cámara 360º,8 Airbags,Sistema de frenos ABS + Control de estabilidad elèctrico ESC,Freno de disco delantero y trasero,SI,SI,"Sensor de proximidad delantero y trasero [PDW], Sensor de proximidad lateral [PDW side",SI,SI,SI,"12.3""",Smart Key,Apple Car Play & Android Inalámbrico,MacPherson + doble brazo inferior,Multibrazo independiente,NO,SI,Eco-Cuero,SI,SI,SI,SI,NO,SI,"Si, Control crucero inteligente con funcion start/stop [SCC]",SI,Eléctrico,7,4WD (4x4),SI,SI,497 Km
Kia,K2500 CS,"El Kia K2500 es un vehículo comercial confiable y resistente, ideal para actividades profesionales gracias a su capacidad de carga y durabilidad.","1.	Motor 2.5L Turbo de 129 Hp y 255 Nm con una tracción 4x4
2.	Transmisión manual de 6 velocidades
3.	Capacidad de 3 pasajeros
4.	Dimensiones batea de carga: 2805 x 1640 x 355 mm
5.	Estructura de acero de máxima resistencia",Blanco,HDH76B858DDPTW,Comercial,K2500 Cabina Sencilla,2026,Desde $33.900,Vehículo comercial ligero,El motor es de 4 cilindros,"Motor de 2,500 centímetros cúbicos Diesel con Inyección Multipunto",vehículo comercial ligero,"El Kia K2500 es un vehículo comercial confiable y resistente, ideal para actividades profesionales gracias a su capacidad de carga y durabilidad.",El vehículo cuenta con una transmision manual de 6 velocidades.,La cobertura básica es de 5 años o 100.000 km (*ver nuestras condiciones en nuestras sucursales),Motor con 129 caballos de fuerza,El motor produce un torque de 255 Nm,"La distancia entre ejes es de:2,415 mm","Cuenta con aros de 15""","Las medidas del vehiculo son Largo: 4,825 / Ancho: 1,740 / Alto: 1,995",Se puede adquirir el beneficio.,"5,000 Km o 6 meses (lo que ocurra primero)","5,000 Km o 6 meses (lo que ocurra primero)",NO,Dimensiones batea de carga: 2805 x 1640 x 355 mm,NO,SI,NO,NO,1 Airbag,Sistema hidráulico,Frenos de disco ventilados delentero y frenos de tambor traseros,NO,NO,NO,NO,NO,NO,Analógico básico,Llave mecánica,NO,Barra de torsión,Eje regido,SI,NO,Tela,NO,NO,NO,NO,NO,NO,NO,NO,Mecánico,3,4WD (4x4),NO,NO,N/A
Kia,K2500 DC,"El Kia K2500 es un vehículo comercial confiable y resistente, ideal para actividades profesionales gracias a su capacidad de carga y durabilidad.","1.	Motor 2.5L Turbo de 129 Hp y 255 Nm con una tracción 4x4
2.	Transmisión manual de 6 velocidades
3.	Capacidad de 6 pasajeros
4.	Dimensiones batea de carga: 1870 x 1640 x 355 mm
5.	Estructura de acero de máxima resistencia",Blanco,HDH96B858DDPTW,Comercial,K2500 Doble cabina,2026,Desde $37.900,Vehículo comercial ligero,El motor es de 4 cilindros,"Motor de 2,500 centímetros cúbicos Diesel con Inyección Multipunto",vehículo comercial ligero,"El Kia K2500 es un vehículo comercial confiable y resistente, ideal para actividades profesionales gracias a su capacidad de carga y durabilidad.",El vehículo cuenta con una transmision manual de 6 velocidades.,La cobertura básica es de 5 años o 100.000 km (*ver nuestras condiciones en nuestras sucursales),Motor con 129 caballos de fuerza,El motor produce un torque de 255 Nm,"La distancia entre ejes es de:2,415 mm","Cuenta con aros de 15""","Las medidas del vehiculo son Largo: 4,825 / Ancho: 1,740 / Alto: 2,105",Se puede adquirir el beneficio.,"5,000 Km o 6 meses (lo que ocurra primero)","5,000 Km o 6 meses (lo que ocurra primero)",NO,Dimensiones batea de carga: 1870 x 1640 x 355 mm,NO,SI,NO,NO,1 Airbag,Sistema hidráulico,Frenos de disco ventilados delentero y frenos de tambor traseros,NO,NO,NO,NO,NO,NO,Analógico básico,Llave mecánica,NO,Barra de torsión,Eje regido,SI,NO,Tela,NO,NO,NO,NO,NO,NO,NO,NO,Mecánico,6,4WD (4x4),NO,NO,N/A
